<?xml version="1.0" encoding="UTF-8"?>
<project-private xmlns="http://www.netbeans.org/ns/project-private/1">
    <editor-bookmarks xmlns="http://www.netbeans.org/ns/editor-bookmarks/2" lastBookmarkId="0"/>
    <open-files xmlns="http://www.netbeans.org/ns/projectui-open-files/2">
        <group>
            <file>file:/home/serafim/Repo/replicacao-preditiva/qosdbc-commons/src/qosdbc/commons/OutputMessage.java</file>
            <file>file:/home/serafim/Repo/replicacao-preditiva/qosdbc-commons/src/qosdbc/commons/DatabaseSystem.java</file>
            <file>file:/home/serafim/Repo/replicacao-preditiva/qosdbc-commons/src/qosdbc/commons/command/Command.java</file>
            <file>file:/home/serafim/Repo/replicacao-preditiva/qosdbc-commons/src/qosdbc/commons/ShellCommand.java</file>
        </group>
    </open-files>
</project-private>
