<?xml version="1.0" encoding="UTF-8"?>
<project-private xmlns="http://www.netbeans.org/ns/project-private/1">
    <editor-bookmarks xmlns="http://www.netbeans.org/ns/editor-bookmarks/2" lastBookmarkId="0"/>
    <open-files xmlns="http://www.netbeans.org/ns/projectui-open-files/2">
        <group>
            <file>file:/home/serafim/Repo/replicacao-preditiva/qosdbc-coordinator/src/qosdbc/coordinator/QoSDBCForecaster.java</file>
            <file>file:/home/serafim/Repo/replicacao-preditiva/qosdbc-coordinator/src/qosdbc/coordinator/QoSDBCService.java</file>
            <file>file:/home/serafim/Repo/replicacao-preditiva/qosdbc-coordinator/src/qosdbc/coordinator/QoSDBCConnectionProxy.java</file>
            <file>file:/home/serafim/Repo/replicacao-preditiva/qosdbc-coordinator/src/qosdbc/coordinator/QoSDBCDatabaseProxy.java</file>
            <file>file:/home/serafim/Repo/replicacao-preditiva/qosdbc-coordinator/src/qosdbc/coordinator/QoSDBCTerminalServerThread.java</file>
        </group>
    </open-files>
</project-private>
